Code,Name
005930,삼성전자
000660,SK하이닉스
373220,LG에너지솔루션
005380,현대차
207940,삼성바이오로직스
005935,삼성전자우
000270,기아
068270,셀트리온
105560,KB금융
005490,POSCO홀딩스
035420,NAVER
051910,LG화학
055550,신한지주
028260,삼성물산
006400,삼성SDI
012330,현대모비스
003670,포스코퓨처엠
247540,에코프로비엠
086790,하나금융지주
035720,카카오
032830,삼성생명
066570,LG전자
000810,삼성화재
042700,한미반도체
138040,메리츠금융지주
011200,HMM
196170,알테오젠
329180,HD현대중공업
259960,크래프톤
402340,SK스퀘어
086520,에코프로
003550,LG
034020,두산에너빌리티
015760,한국전력
012450,한화에어로스페이스
018260,삼성에스디에스
009150,삼성전기
033780,KT&G
267260,HD현대일렉트릭
009540,HD한국조선해양
024110,기업은행
034730,SK
096770,SK이노베이션
017670,SK텔레콤
010130,고려아연
316140,우리금융지주
047050,포스코인터내셔널
323410,카카오뱅크
042660,한화오션
030200,KT
086280,현대글로비스
028300,HLB
090430,아모레퍼시픽
003490,대한항공
010140,삼성중공업
352820,하이브
005830,DB손해보험
010950,S-Oil
450080,에코프로머티
011070,LG이노텍
005387,현대차2우B
010120,LS ELECTRIC
000100,유한양행
326030,SK바이오팜
034220,LG디스플레이
011790,SKC
267250,HD현대
022100,포스코DX
051900,LG생활건강
066970,엘앤에프
161390,한국타이어앤테크놀로지
097950,CJ제일제당
088980,맥쿼리인프라
443060,HD현대마린솔루션
241560,두산밥캣
001570,금양
454910,두산로보틱스
348370,엔켐
251270,넷마블
047810,한국항공우주
005070,코스모신소재
021240,코웨이
011170,롯데케미칼
028050,삼성E&A
003230,삼양식품
307950,현대오토에버
029780,삼성카드
009830,한화솔루션
079550,LIG넥스원
006800,미래에셋증권
006260,LS
180640,한진칼
032640,LG유플러스
036460,한국가스공사
064350,현대로템
078930,GS
005385,현대차우
005940,NH투자증권
011780,금호석유
302440,SK바이오사이언스
036570,엔씨소프트
000250,삼천당제약
068760,셀트리온제약
004020,현대제철
071050,한국금융지주
010620,HD현대미포
007660,이수페타시스
377300,카카오페이
016360,삼성증권
271560,오리온
128940,한미약품
000720,현대건설
000150,두산
001040,CJ
272210,한화시스템
058470,리노공업
214150,클래시스
298040,효성중공업
361610,SK아이이테크놀로지
039490,키움증권
003410,쌍용C&E
403870,HPSP
001450,현대해상
277810,레인보우로보틱스
035250,강원랜드
175330,JB금융지주
001440,대한전선
278470,에이피알
145020,휴젤
004370,농심
257720,실리콘투
263750,펄어비스
138930,BNK금융지주
002380,KCC
088350,한화생명
004990,롯데지주
052690,한전기술
141080,리가켐바이오
020150,롯데에너지머티리얼즈
002790,아모레G
018880,한온시스템
383220,F&F
089030,테크윙
081660,휠라홀딩스
078600,대주전자재료
028670,팬오션
012750,에스원
357780,솔브레인
008930,한미사이언스
007070,GS리테일
000990,DB하이텍
012510,더존비즈온
030000,제일기획
039030,이오테크닉스
000120,CJ대한통운
204320,HL만도
192820,코스맥스
008770,호텔신라
005850,에스엘
000880,한화
112610,씨에스윈드
014680,한솔케미칼
005290,동진쎄미켐
035900,JYP Ent.
051915,LG화학우
026960,동서
041510,에스엠
036930,주성엔지니어링
282330,BGF리테일
073240,금호타이어
178320,서진시스템
023530,롯데쇼핑
035760,CJ ENM
103140,풍산
240810,원익IPS
293490,카카오게임즈
007310,오뚜기
010060,OCI홀딩스
280360,롯데웰푸드
237690,에스티팜
065350,신성델타테크
051600,한전KPS
017800,현대엘리베이
009420,한올바이오파마
298050,효성첨단소재
417200,LS머트리얼즈
139480,이마트
137400,피엔티
018670,SK가스
204270,제이앤티씨
047040,대우건설
004170,신세계
042670,HD현대인프라코어
011210,현대위아
111770,영원무역
064760,티씨케이
067160,SOOP
161890,한국콜마
298020,효성티앤씨
214450,파마리서치
036830,솔브레인홀딩스
336370,솔루스첨단소재
112040,위메이드
000240,한국앤컴퍼니
000080,하이트진로
457190,이수스페셜티케미컬
002710,TCC스틸
121600,나노신소재
039200,오스코텍
031980,피에스케이홀딩스
006280,녹십자
033100,제룡전기
009240,한샘
082640,동양생명
139130,DGB금융지주
140860,파크시스템스
003690,코리안리
328130,루닛
336260,두산퓨얼셀
352480,씨앤씨인터내셔널
095340,ISC
014820,동원시스템즈
232140,와이씨
108320,LX세미콘
004490,세방전지
185750,종근당
087010,펩트론
034230,파라다이스
006360,GS건설
395400,SK리츠
281740,레이크머티리얼즈
082740,한화엔진
103590,일진전기
166090,하나머티리얼즈
253450,스튜디오드래곤
006040,동원산업
137310,에스디바이오센서
375500,DL이앤씨
145720,덴티움
001120,LX인터내셔널
069620,대웅제약
004800,효성
000210,DL
005300,롯데칠성
004000,롯데정밀화학
214370,케어젠
001720,신영증권
294870,HDC현대산업개발
225570,넥슨게임즈
089860,롯데렌탈
222800,심텍
140410,메지온
084370,유진테크
069960,현대백화점
298380,에이비엘바이오
393890,더블유씨피
009970,영원무역홀딩스
005420,코스모화학
018290,브이티
950160,코오롱티슈진
096530,씨젠
006110,삼아알미늄
353200,대덕전자
267270,HD현대건설기계
001740,SK네트웍스
317330,덕산테코피아
195940,HK이노엔
120110,코오롱인더
067310,하나마이크론
319660,피에스케이
086900,메디톡스
025320,시노펙스
248070,솔루엠
051980,중앙첨단소재
003620,KG모빌리티
440110,파두
365550,ESR켄달스퀘어리츠
287410,제이시스메디칼
192080,더블유게임즈
008730,율촌화학
213420,덕산네오룩스
085620,미래에셋생명
002840,미원상사
056190,에스에프에이
383310,에코프로에이치엔
074600,원익QnC
067630,HLB생명과학
365340,성일하이텍
001800,오리온홀딩스
229640,LS에코에너지
300720,한일시멘트
079160,CJ CGV
310210,보로노이
003090,대웅
042000,카페24
281820,케이씨텍
078130,국일제지
039130,하나투어
001680,대상
005180,빙그레
456040,OCI
241710,코스메카코리아
085660,차바이오텍
000815,삼성화재우
036540,SFA반도체
098460,고영
009520,포스코엠텍
003540,대신증권
006650,대한유화
005880,대한해운
214320,이노션
049770,동원F&B
000400,롯데손해보험
086450,동국제약
023590,다우기술
285130,SK케미칼
089590,제주항공
100090,SK오션플랜트
066575,LG전자우
090460,비에이치
183300,코미코
119860,커넥트웨이브
178920,PI첨단소재
093370,후성
009900,명신산업
069260,TKG휴켐스
007340,DN오토모티브
271940,일진하이솔루스
222080,씨아이에스
192400,쿠쿠홀딩스
025900,동화기업
330590,롯데리츠
064550,바이오니아
020560,아시아나항공
348950,제이알글로벌리츠
036810,에프에스티
114090,GKL
418550,제이오
105630,한세실업
195870,해성디에스
003030,세아제강지주
002350,넥센타이어
399720,가온칩스
101490,에스앤에스텍
009450,경동나비엔
032350,롯데관광개발
122870,와이지엔터테인먼트
010780,아이에스동서
278280,천보
272290,이녹스첨단소재
268280,미원에스씨
003960,사조대림
001530,DI동일
048410,현대바이오
001430,세아베스틸지주
297890,HB솔루션
064960,SNT모티브
336570,원텍
003570,SNT다이내믹스
001060,JW중외제약
025540,한국단자
003240,태광산업
006120,SK디스커버리
003530,한화투자증권
181710,NHN
015750,성우하이텍
017860,DS단석
348210,넥스틴
003160,디아이
014830,유니드
000640,동아쏘시오홀딩스
237880,클리오
005440,현대지에프홀딩스
041190,우리기술투자
003850,보령
003380,하림지주
136510,스마트솔루션즈
161000,애경케미칼
047920,HLB제약
005250,녹십자홀딩스
016380,KG스틸
101360,에코앤드림
420770,기가비스
192650,드림텍
381970,케이카
215200,메가스터디교육
344820,KCC글라스
403550,쏘카
030190,NICE평가정보
080220,제주반도체
131970,두산테스나
019170,신풍제약
253590,네오셈
194480,데브시스터즈
058970,엠로
000670,영풍
189300,인텔리안테크
006380,카프로
376300,디어유
057050,현대홈쇼핑
272450,진에어
000370,한화손해보험
003280,흥아해운
039440,에스티아이
335890,비올
053800,안랩
115450,HLB테라퓨틱스
007390,네이처셀
114840,아이패밀리에스씨
007700,F&F홀딩스
000070,삼양홀딩스
075580,세진중공업
091810,티웨이항공
001340,백광산업
016800,퍼시스
017810,풀무원
372170,윤성에프앤씨
003470,유안타증권
131290,티에스이
069080,웹젠
030610,교보증권
228760,지노믹트리
170900,동아에스티
031430,신세계인터내셔날
099320,쎄트렉아이
017960,한국카본
460930,현대힘스
293940,신한알파리츠
251970,펌텍코리아
002030,아세아
290650,엘앤씨바이오
199800,툴젠
071970,STX중공업
033240,자화전자
058610,에스피지
002240,고려제강
001200,유진투자증권
046890,서울반도체
950210,프레스티지바이오파마
032500,케이엠더블유
340570,티앤엘
284740,쿠쿠홈시스
383800,LX홀딩스
030520,한글과컴퓨터
018250,애경산업
071320,지역난방공사
091120,이엠텍
200880,서연이화
099190,아이센스
145990,삼양사
079370,제우스
200130,콜마비앤에이치
084850,아이티엠반도체
475150,SK이터닉스
059090,미코
025980,아난티
060370,LS마린솔루션
053030,바이넥스
017940,E1
00680K,미래에셋증권2우B
095610,테스
012630,HDC
005610,SPC삼립
215000,골프존
179900,유티아이
161580,필옵틱스
445090,에이직랜드
171090,선익시스템
078340,컴투스
455900,엔젤로보틱스
082920,비츠로셀
010690,화신
460860,동국제강
144510,지씨셀
090435,아모레퍼시픽우
360070,탑머티리얼
241590,화승엔터프라이즈
094360,칩스앤미디어
110990,디아이티
095500,미래나노텍
006730,서부T&D
160190,하이젠알앤엠
394280,오픈엣지테크놀로지
091700,파트론
009470,삼화전기
358570,지아이이노베이션
389020,자람테크놀로지
095660,네오위즈
432320,KB스타리츠
378340,필에너지
206650,유바이오로직스
032190,다우데이타
900140,엘브이엠씨홀딩스
439090,마녀공장
058650,세아홀딩스
377740,바이오노트
950140,잉글우드랩
001820,삼화콘덴서
068240,다원시스
003920,남양유업
082270,젬백스
089970,브이엠
114190,강원에너지
020000,한섬
183190,아세아시멘트
003300,한일홀딩스
060280,큐렉소
314930,바이오다인
089980,상아프론테크
357120,코람코라이프인프라리츠
011930,신성이엔지
005389,현대차3우B
453340,현대그린푸드
372320,큐로셀
034950,한국기업평가
097520,엠씨넥스
064800,젬백스링크
034310,NICE
104830,원익머트리얼즈
093050,LF
089010,켐트로닉스
206640,바디텍메드
041020,폴라리스오피스
286940,롯데이노베이트
049070,인탑스
005810,풍산홀딩스
026890,스틱인베스트먼트
104700,한국철강
108860,셀바스AI
252990,샘씨엔에스
005160,동국산업
102710,이엔에프테크놀로지
043150,바텍
003520,영진약품
094800,맵스리얼티1
077970,STX엔진
304360,에스바이오메딕스
108670,LX하우시스
002960,한국쉘석유
148150,세경하이테크
448730,삼성FN리츠
338220,뷰노
265520,AP시스템
003545,대신증권우
126560,현대퓨처넷
093320,케이아이엔엑스
397030,에이프릴바이오
220100,퓨쳐켐
166480,코아스템켐온
029530,신도리코
033270,유나이티드제약
151860,KG에코솔루션
115390,락앤락
122640,예스티
445680,큐리옥스바이오시스템즈
243070,휴온스
230360,에코마케팅
007810,코리아써키트
218410,RFHIC
006220,제주은행
123890,한국자산신탁
027360,아주IB투자
084690,대상홀딩스
002310,아세아제지
256840,한국비엔씨
101160,월덱스
003000,부광약품
004690,삼천리
249420,일동제약
130660,한전산업
033500,동성화인텍
243840,신흥에스이씨
036200,유니셈
060250,NHN KCP
006405,삼성SDI우
033640,네패스
036620,감성코퍼레이션
200670,휴메딕스
000500,가온전선
005090,SGC에너지
024720,콜마홀딩스
306200,세아제강
107640,한중엔시에스
00104K,CJ4우(전환)
093230,이아이디
215600,신라젠
200710,에이디테크놀로지
029960,코엔텍
323990,박셀바이오
319400,현대무벡스
025860,남해화학
000155,두산우
136480,하림
453450,그리드위즈
451800,한화리츠
041830,인바디
094170,동운아나텍
051360,토비스
045100,한양이엔지
013030,하이록코리아
099430,바이오플러스
060980,HL홀딩스
078150,HB테크놀러지
023160,태광
078350,한양디지텍
126700,하이비젼시스템
126720,수산인더스트리
007690,국도화학
051370,인터플렉스
294090,이오플로우
441270,파인엠텍
072710,농심홀딩스
009290,광동제약
416180,신성에스티
00088K,한화3우B
004700,조광피혁
027410,BGF
000430,대원강업
000680,LS네트웍스
044490,태웅
001390,KG케미칼
036530,SNT홀딩스
060150,인선이엔티
425040,티이엠씨
031330,에스에이엠티
457550,우진엔텍
038500,삼표시멘트
054950,제이브이엠
005690,파미셀
014620,성광벤드
119610,인터로조
005390,신성통상
118990,모트렉스
051905,LG생활건강우
101730,위메이드맥스
267980,매일유업
001470,삼부토건
034120,SBS
347850,디앤디파마텍
050890,쏠리드
032820,우리기술
348340,뉴로메카
060720,KH바텍
425420,티에프이
035150,백산
003220,대원제약
025770,한국정보통신
298690,에어부산
138580,비즈니스온
290690,소룩스
054450,텔레칩스
001940,KISCO홀딩스
053610,프로텍
299030,하나기술
226320,잇츠한불
006340,대원전선
100790,미래에셋벤처투자
064290,인텍플러스
298830,슈어소프트테크
114810,한솔아이원스
013890,지누스
077360,덕산하이메탈
007460,에이프로젠
035600,KG이니시스
035890,서희건설
462350,이노스페이스
123860,아나패스
039840,디오
088260,이리츠코크렙
102120,어보브반도체
004430,송원산업
108490,로보티즈
086390,유니테스트
058820,CMG제약
108230,톱텍
299900,위지윅스튜디오
092040,아미코젠
002320,한진
097230,HJ중공업
126340,비나텍
041960,코미팜
272550,삼양패키징
084110,휴온스글로벌
011760,현대코퍼레이션
084010,대한제강
214430,아이쓰리시스템
006390,한일현대시멘트
357550,석경에이티
330860,네패스아크
009680,모토닉
371950,풍원정밀
122900,아이마켓코리아
003800,에이스침대
000480,CR홀딩스
176750,듀켐바이오
322000,HD현대에너지솔루션
089890,코세스
138490,코오롱ENP
017390,서울가스
023410,유진기업
263720,디앤씨미디어
058430,포스코스틸리온
217270,넵튠
443670,에스피소프트
214680,디알텍
078020,LS증권
001250,GS글로벌
950170,JTC
080160,모두투어
001780,알루코
100120,뷰웍스
071055,한국금융지주우
412540,제일엠앤에스
216080,제테마
270520,지오릿에너지
084680,이월드
001500,현대차증권
005500,삼진제약
000540,흥국화재
001790,대한제당
092220,KEC
211050,인카금융서비스
056080,유진로봇
012030,DB
090360,로보스타
095700,제넥신
001630,종근당홀딩스
016580,환인제약
000490,대동
061970,LB세미콘
052020,에스티큐브
018310,삼목에스폼
029460,케이씨
043370,피에이치에이
214420,토니모리
083310,엘오티베큠
334970,프레스티지바이오로직스
071280,로체시스템즈
001230,동국홀딩스
001510,SK증권
388720,유일로보틱스
417010,나노팀
396470,워트
030530,원익홀딩스
334890,이지스밸류리츠
083650,비에이치아이
144960,뉴파워프라즈마
045970,코아시아
015360,예스코홀딩스
213500,한솔제지
200470,에이팩트
064260,다날
174900,앱클론
323280,태성
092790,넥스틸
437730,삼현
001270,부국증권
054210,이랜텍
079810,디이엔티
121800,비덴트
307750,국전약품
018470,조일알미늄
004360,세방
004560,현대비앤지스틸
194370,제이에스코퍼레이션
005720,넥센
083930,아바코
034810,해성산업
002150,도화엔지니어링
064090,웨스트라이즈
034830,한국토지신탁
102460,이연제약
117580,대성에너지
149950,아바텍
009160,SIMPAC
003120,일성아이에스
102940,코오롱생명과학
179290,엠아이텍
005010,휴스틸
950130,엑세스바이오
003350,한국화장품제조
293780,압타바이오
235980,메드팩토
096040,이트론
004380,삼익THK
448280,에코아이
268600,셀리버리
150840,인트로메딕
339770,교촌에프앤비
032620,유비케어
047310,파워로직스
053210,스카이라이프
011500,한농화성
007570,일양약품
037710,광주신세계
092870,엑시콘
016590,신대양제지
092230,KPX홀딩스
008490,서흥
095720,웅진씽크빅
112290,와이씨켐
001130,대한제분
051500,CJ프레시웨이
100840,SNT에너지
002810,삼영무역
354320,알멕
011810,STX
389260,대명에너지
092730,네오팜
404990,신한서부티엔디리츠
033160,엠케이전자
270660,에브리봇
078520,에이블씨엔씨
298000,효성화학
405100,큐알티
452260,한화갤러리아
096760,JW홀딩스
025000,KPX케미칼
005950,이수화학
042600,새로닉스
078160,메디포스트
462520,조선내화
013120,동원개발
042370,비츠로테크
402030,코난테크놀로지
304100,솔트룩스
003070,코오롱글로벌
005430,한국공항
037560,LG헬로비전
146320,비씨엔씨
109610,에스와이
432720,퀄리타스반도체
004090,한국석유
900290,GRT
122990,와이솔
029480,광무
322510,제이엘케이
081000,일진다이아
044990,에이치엔에스하이텍
126600,BGF에코머티리얼즈
094480,갤럭시아머니트리
356860,티엘비
039570,HDC랩스
271980,제일약품
036030,케이티알파
052400,코나아이
006060,화승인더
017890,한국알콜
000020,동화약품
293480,하나제약
002390,한독
007160,사조산업
102260,동성케미컬
008350,남선알미늄
092200,디아이씨
086890,이수앱지스
008060,대덕
282880,코윈테크
083790,CG인바이츠
036220,오상헬스케어
101930,인화정공
024060,흥구석유
362320,청담글로벌
001460,BYC
086710,선진뷰티사이언스
254490,미래반도체
190510,나무가
107600,새빗켐
039980,폴라리스AI
045390,대아티아이
203400,에이비온
396270,넥스트칩
109070,주성코퍼레이션
024850,HLB이노베이션
117730,티로보틱스
057880,푸른소나무
036800,나이스정보통신
027970,한국제지
037270,YG PLUS
036420,콘텐트리중앙
377190,디앤디플랫폼리츠
211270,AP위성
101670,하이드로리튬
005945,NH투자증권우
003580,HLB글로벌
234340,헥토파이낸셜
071840,롯데하이마트
000390,삼화페인트
049950,미래컴퍼니
037070,파세코
048530,인트론바이오
000050,경방
278650,HLB바이오스텝
000140,하이트진로홀딩스
205470,휴마시스
035080,그래디언트
143240,사람인
047560,이스트소프트
007860,서연
048870,시너지이노베이션
092070,디엔에프
053080,케이엔솔
382840,원준
322310,오로스테크놀로지
001520,동양
009155,삼성전기우
290550,디케이티
011040,경동제약
019680,대교
093640,케이알엠
145170,노브랜드
004980,성신양회
460850,동국씨엠
199820,제일일렉트릭
377450,리파인
417310,코람코더원리츠
122450,KX
033340,좋은사람들
086980,쇼박스
038290,마크로젠
204620,글로벌텍스프리
160980,싸이맥스
074610,이엔플러스
091580,상신이디피
036890,진성티이씨
101530,해태제과식품
453860,에이에스텍
005860,한일사료
003200,일신방직
002020,코오롱
068930,디지털대성
015860,일진홀딩스
451760,컨텍
095570,AJ네트웍스
002100,경농
067080,대화제약
009580,무림P&P
194700,노바렉스
006620,동구바이오제약
097955,CJ제일제당 우
088390,이녹스
078070,유비쿼스홀딩스
230240,에치에프알
079940,가비아
011785,금호석유우
024810,이화전기
450140,코오롱모빌리티그룹
217820,원익피앤이
210980,SK디앤디
044450,KSS해운
001080,만호제강
032300,한국파마
035810,이지홀딩스
097800,윈팩
182360,큐브엔터
452200,민테크
104460,디와이피엔에프
046440,KG모빌리언스
123040,엠에스오토텍
295310,에이치브이엠
337930,브랜드엑스코퍼레이션
267850,아시아나IDT
019210,와이지-원
090350,노루페인트
136540,윈스
067280,멀티캠퍼스
110790,크리스에프앤씨
067390,아스트
147830,제룡산업
138610,나이벡
290670,대보마그네틱
228670,레이
096240,크레버스
107590,미원홀딩스
106190,하이텍팜
079430,현대리바트
285490,노바텍
065560,녹원씨엔아이
053300,한국정보인증
060590,씨티씨바이오
010955,S-Oil우
002900,TYM
028100,동아지질
012320,경동인베스트
402490,그린리소스
023760,한국캐피탈
239890,피엔에이치테크
006840,AK홀딩스
131370,알서포트
016790,현대사료
016450,한세예스24홀딩스
234080,JW생명과학
030210,다올투자증권
089600,나스미디어
450330,하스
370090,퓨런티어
083450,GST
016610,DB금융투자
225530,보광산업
472850,폰드그룹
452430,사피엔반도체
005680,삼영전자
236200,슈프리마
100250,진양홀딩스
003555,LG우
317400,자이에스앤디
464080,에스오에스랩
214180,헥토이노베이션
217330,싸이토젠
025950,동신건설
105840,우진
297090,씨에스베어링
073010,케이에스피
156100,엘앤케이바이오
418620,이에이트
264850,이랜시스
192440,슈피겐코리아
298540,더네이쳐홀딩스
214390,경보제약
035510,신세계 I&C
006910,보성파워텍
011280,태림포장
036560,영풍정밀
134380,미원화학
220260,켐트로스
004250,NPC
207760,미스터블루
064820,케이프
094820,일진파워
149980,하이로닉
083420,그린케미칼
382900,범한퓨얼셀
125210,아모그린텍
004970,신라교역
048550,SM C&C
004710,한솔테크닉스
451250,삐아
070960,모나용평
051160,지어소프트
363280,티와이홀딩스
182400,엔케이맥스
027710,팜스토리
025820,이구산업
014940,오리엔탈정공
143160,아이디스
038540,상상인
234690,녹십자웰빙
063570,한국전자금융
011150,CJ씨푸드
136490,선진
388050,지투파워
128820,대성산업
439580,블루엠텍
000320,노루홀딩스
000520,삼일제약
011000,진원생명과학
068290,삼성출판사
315640,딥노이드
121440,골프존뉴딘홀딩스
023910,대한약품
033920,무학
282690,동아타이어
080420,모다이노칩
104480,티케이케미칼
084990,헬릭스미스
090710,휴림로봇
084650,랩지노믹스
000860,강남제비스코
205100,엑셈
053690,한미글로벌
382800,지앤비에스 에코
073490,이노와이어리스
093520,매커스
272110,케이엔제이
063080,컴투스홀딩스
251370,와이엠티
277880,티에스아이
452280,한선엔지니어링
042520,한스바이오메드
038110,에코플라스틱
100130,동국S&C
424960,스마트레이더시스템
175140,휴먼테크놀로지
321820,아티스트유나이티드
094280,효성ITX
060570,드림어스컴퍼니
264450,유비쿼스
042420,네오위즈홀딩스
044340,위닉스
445180,퓨릿
015890,태경산업
260870,SK시그넷
019550,SBI인베스트먼트
294570,쿠콘
217730,강스템바이오텍
082800,비보존 제약
015230,대창단조
043610,지니뮤직
451220,아이엠티
008110,대동전자
365590,하이딥
109740,디에스케이
123410,코리아에프티
006890,태경케미컬
023900,풍국주정
036190,금화피에스시
079960,동양이엔피
011330,유니켐
183490,엔지켐생명과학
002620,제일파마홀딩스
010820,퍼스텍
066790,씨씨에스
02826K,삼성물산우B
191420,테고사이언스
020120,키다리스튜디오
119830,아이텍
950220,네오이뮨텍
078140,대봉엘에스
172670,에이엘티
068790,DMS
013990,아가방컴퍼니
219130,타이거일렉
131400,이브이첨단소재
092130,이크레더블
388790,라이콤
085670,뉴프렉스
203650,드림시큐리티
000970,한국주철관
010100,한국무브넥스
023600,삼보판지
080580,오킨스전자
078940,퀀타피아
400760,NH올원리츠
226950,올릭스
353810,이지바이오
248170,샘표식품
321550,티움바이오
033290,코웰패션
008040,사조동아원
033530,에스제이지세종
00279K,아모레G3우(전환)
418470,밀리의서재
065660,안트로젠
065510,휴비츠
084730,팅크웨어
432430,와이랩
040910,아이씨디
282720,금양그린파워
262260,에이프로
305090,마이크로디지탈
210540,디와이파워
124560,태웅로직스
010580,에스엠벡셀
139990,아주스틸
393210,토마토시스템
030960,양지사
458870,씨어스테크놀로지
091440,한울소재과학
014280,금강공업
049720,고려신용정보
017370,우신시스템
289220,자이언트스텝
032860,더라미
376190,LB루셈
009810,플레이그램
067000,조이시티
206560,덱스터
031440,신세계푸드
338840,와이바이오로직스
462510,라메디텍
418420,라온텍
002170,삼양통상
004140,동방
226340,본느
001360,삼성제약
037460,삼지전자
067990,도이치모터스
067900,와이엔텍
168360,펨트론
014580,태경비케이
900250,크리스탈신소재
419050,삼기이브이
007540,샘표
000700,유수홀딩스
006660,삼성공조
011700,한신기계
357230,에이치피오
052260,현대바이오랜드
090850,현대이지웰
016710,대성홀딩스
065450,빅텍
065680,우주일렉트로
012610,경인양행
001750,한양증권
003547,대신증권2우B
311320,지오엘리먼트
002990,금호건설
300080,플리토
008970,동양철관
001020,페이퍼코리아
003830,대한화섬
310200,애니플러스
317870,엔바이오니아
054620,APS
388870,파로스아이바이오
123690,한국화장품
082850,우리바이오
099440,스맥
261200,덴티스
089850,유비벨록스
063170,서울옥션
368770,파이버프로
072770,율호
164060,이루다
255440,야스
105550,엣지파운드리
060560,홈센타홀딩스
056090,이노시스
215360,우리산업
092190,서울바이오시스
332570,와이팜
009300,삼아제약
013570,디와이
004080,신흥
014530,극동유화
009070,KCTC
055490,테이팩스
058850,KTcs
015590,KIB플러그에너지
195990,에이비프로바이오
003650,미창석유
012860,모베이스전자
009270,신원
089470,HDC현대EP
384470,코어라인소프트
007210,벽산
001045,CJ우
228850,레이언스
259630,엠플러스
140670,알에스오토메이션
038390,레드캡투어
039560,다산네트웍스
013310,아진산업
072870,메가스터디
170920,엘티씨
012700,리드코프
356680,엑스게이트
111380,동인기연
024900,덕양산업
049520,유아이엘
000440,중앙에너비스
045660,에이텍
083500,에프엔에스테크
274090,켄코아에어로스페이스
372910,한컴라이프케어
040350,크레오에스지
215090,휴센텍
162300,신스틸
003720,삼영
007330,푸른저축은행
411080,샌즈랩
284620,카이노스메드
950190,고스트스튜디오
040300,YTN
008700,아남전자
269620,시스웍
047820,초록뱀미디어
300120,라온피플
366030,공구우먼
086960,MDS테크
042510,라온시큐어
039340,한국경제TV
273640,와이엠텍
413630,씨피시스템
066590,우수AMS
066980,한성크린텍
060310,3S
420570,제이투케이바이오
389470,인벤티지랩
033790,스카이문스테크놀로지
012800,대창
108380,대양전기공업
448710,코츠테크놀로지
002780,진흥기업
021080,에이티넘인베스트
251120,바이오에프디엔씨
264660,씨앤지하이테크
024090,디씨엠
138080,오이솔루션
443250,레뷰코퍼레이션
246710,티앤알바이오팹
090470,제이스텍
142210,유니트론텍
054050,농우바이오
348150,고바이오랩
122830,원포유
086820,바이오솔루션
011560,세보엠이씨
017510,세명전기
159010,아스플로
017550,수산중공업
260930,씨티케이
267320,나인테크
077500,유니퀘스트
014470,부방
419080,엔젯
126730,코칩
033180,KH 필룩스
005710,대원산업
002210,동성제약
003460,유화증권
103840,우양
061040,알에프텍
000180,성창기업지주
014160,대영포장
092460,한라IMS
004830,덕성
140070,서플러스글로벌
214330,금호에이치티
448900,한국피아이엠
049960,쎌바이오텍
046210,HLB파나진
008260,NI스틸
027050,코리아나
026150,특수건설
011690,와이투솔루션
461030,아이엠비디엑스
314130,지놈앤컴퍼니
137950,제이씨케미칼
073570,리튬포어스
456010,아이씨티케이
120030,조선선재
066700,테라젠이텍스
151910,퓨처코어
417500,제이아이테크
100700,세운메디칼
289860,지슨
355150,코스텍시스
373200,엑스플러스
256940,케이피에스
178780,일월지엠엘
012690,모나리자
071200,인피니트헬스케어
389500,에스비비테크
095190,이엠코리아
036010,아비코전자
013580,계룡건설
261780,차백신연구소
036630,세종텔레콤
058630,엠게임
002720,국제약품
017900,광전자
002700,신일전자
041440,현대에버다임
052420,오성첨단소재
036710,심텍홀딩스
187870,디바이스이엔지
350520,이지스레지던스리츠
396690,미래에셋글로벌리츠
452400,이닉스
066620,국보디자인
481850,신한글로벌액티브리츠
059210,메타바이오메드
019440,세아특수강
018000,유니슨
200350,래몽래인
027830,대성창투
263600,덕우전자
065650,하이퍼코퍼레이션
063160,종근당바이오
361390,제노코
357580,아모센스
012600,청호ICT
074430,아미노로직스
119850,지엔씨에너지
001380,SG글로벌
016740,두올
267290,경동도시가스
053700,삼보모터스
257370,피엔티엠에스
232530,이엠티
260970,에스앤디
264900,크라운제과
005990,매일홀딩스
120240,대정화금
033170,시그네틱스
391710,코닉오토메이션
317770,엑스페릭스
003100,선광
173130,오파스넷
041930,동아화성
035610,솔본
048910,대원미디어
059270,해성에어로보틱스
217950,파마리서치바이오
079980,휴비스
452160,제이엔비
004150,한솔홀딩스
052330,코텍
053580,웹케시
347890,엠투아이
004310,현대약품
311690,CJ 바이오사이언스
003610,방림
131030,옵투스제약
251630,브이원텍
446540,메가터치
039860,나노엔텍
199430,케이엔알시스템
023450,동남합성
034590,인천도시가스
043650,국순당
351330,이삭엔지니어링
250060,모비스
452190,한빛레이저
333620,엔시스
218150,미래생명자원
163560,동일고무벨트
047400,유니온머티리얼
099750,이지케어텍
024880,케이피에프
407400,꿈비
086670,비엠티
042500,링네트
005960,동부건설
417790,트루엔
054780,키이스트
105330,케이엔더블유
061250,화일약품
023000,삼원강재
054670,대한뉴팜
003480,한진중공업홀딩스
226400,오스테오닉
170030,현대공업
206400,베노티앤알
053280,예스24
186230,그린플러스
041920,메디아나
038460,바이오스마트
383930,디티앤씨알오
023800,인지컨트롤스
053050,지에스이
309960,LB인베스트먼트
289080,SV인베스트먼트
096775,SK이노베이션우
159580,제로투세븐
014710,사조씨푸드
033230,인성정보
199550,레이저옵텍
160600,이큐셀
104620,노랑풍선
010040,한국내화
067570,엔브이에이치코리아
069510,에스텍
306620,네온테크
058400,KNN
408900,스튜디오미르
032560,황금에스티
348350,위드텍
023440,제이스코홀딩스
078000,텔코웨어
012170,아센디오
036580,팜스코
465770,STX그린로지스
208370,셀바스헬스케어
382480,지아이텍
004840,DRB동일
019590,엠벤처투자
035000,HS애드
226330,신테카바이오
115180,큐리언트
234300,에스트래픽
294630,서남
111710,남화산업
009780,엠에스씨
006490,인스코비
123420,위메이드플레이
093920,서원인텍
072020,중앙백신
041590,플래스크
340360,다보링크
352090,스톰테크
340930,유일에너테크
302430,이노메트리
040420,정상제이엘에스
330350,위더스제약
007280,한국특강
037950,엘컴텍
232680,라온테크
002600,조흥
002450,삼익악기
013520,화승코퍼레이션
124500,아이티센
033310,엠투엔
408920,메쎄이상
002200,한국수출포장
018120,진로발효
064240,홈캐스트
241790,티이엠씨씨엔에스
307870,비투엔
087260,모바일어플라이언스
007820,에스엠코어
096630,에스코넥
234920,자이글
065710,서호전기
403490,우듬지팜
034300,신세계건설
004890,동일산업
226440,한송네오텍
900340,윙입푸드
288620,에스퓨얼셀
104540,코렌텍
141000,비아트론
053450,세코닉스
073560,우리손에프앤지
005740,크라운해태홀딩스
006140,피제이전자
227840,현대코퍼레이션홀딩스
109670,씨싸이트
027580,상보
238090,앤디포스
007110,일신석재
041910,폴라리스AI파마
052790,액토즈소프트
006880,신송홀딩스
019010,베뉴지
263690,디알젬
322180,티라유텍
066410,버킷스튜디오
067830,세이브존I&C
095270,웨이브일렉트로
044820,코스맥스비티아이
054800,아이디스홀딩스
017040,광명전기
050110,캠시스
067370,선바이오
082210,옵트론텍
001540,안국약품
347000,센코
293580,나우IB
024840,KBI메탈
059120,아진엑스텍
002460,화성산업
009200,무림페이퍼
032850,비트컴퓨터
004720,팜젠사이언스
216050,인크로스
065530,와이어블
365330,에스와이스틸텍
347740,피엔케이피부임상연구센타
214260,라파스
043260,성호전자
378850,화승알앤에이
058860,KTis
208140,정다운
106080,하이소닉
217190,제너셈
101140,인바이오젠
189980,흥국에프엔비
102370,케이옥션
369370,블리츠웨이스튜디오
053260,금강철강
036640,HRS
180060,탑선
270870,뉴트리
234100,폴라리스세원
215100,로보로보
004540,깨끗한나라
105740,디케이락
038680,에스넷
021320,KCC건설
333430,일승
005870,휴니드
016880,웅진
153710,옵티팜
006090,사조오양
122310,제노레이
307930,컴퍼니케이
302550,리메드
376930,노을
004910,조광페인트
291230,엔피
171120,라이온켐텍
140430,카티스
105760,포스뱅크
241770,메카로
014200,광림
255220,SG
004100,태양금속
265560,영화테크
127980,화인써키트
088800,에이스테크
094970,제이엠티
244920,에이플러스에셋
092780,동양피스톤
052710,아모텍
377480,마음AI
158430,아톤
009410,태영건설
065130,탑엔지니어링
115160,휴맥스
094850,참좋은여행
246720,아스타
389140,포바이포
078890,가온그룹
200230,텔콘RF제약
196300,애니젠
101170,우림피티에스
128660,피제이메탈
010960,삼호개발
225190,LK삼양
241520,DSC인베스트먼트
276730,제주맥주
088130,동아엘텍
032940,원익
093190,빅솔론
208340,파멥신
33626K,두산퓨얼셀1우
010470,오리콤
396300,세아메카닉스
126880,제이엔케이글로벌
010170,대한광통신
223250,드림씨아이에스
021820,세원정공
024910,경창산업
012790,신일제약
011320,유니크
016090,대현
263860,지니언스
950200,소마젠
067290,JW신약
007590,동방아그로
069540,빛과전자
000230,일동홀딩스
160550,NEW
361570,알비더블유
253840,수젠텍
007980,TP
001560,제일연마
171010,램테크놀러지
123840,뉴온
048430,유라테크
155650,와이엠씨
321370,센서뷰
101330,모베이스
263540,어스앤에어로스페이스
130580,나이스디앤비
003780,진양산업
036090,위지트
011300,성안머티리얼스
271830,팸텍
175250,아이큐어
004650,창해에탄올
054930,유신
307180,아이엘사이언스
092440,기신정기
049430,코메론
101000,KS인더스트리
241840,에이스토리
009180,한솔로지스틱스
109860,동일금속
263800,데이타솔루션
037440,희림
014790,HL D&I
011370,서한
054040,한국컴퓨터
064480,브리지텍
187420,제노포커스
368600,아이씨에이치
053980,오상자이엘
241690,유니테크노
352700,씨앤투스
339950,아이비김영
071670,에이테크솔루션
304840,피플바이오
013870,지엠비코리아
006370,대구백화점
419530,SAMG엔터
041520,이엘씨
338100,NH프라임리츠
222810,세토피아
005800,신영와코루
020710,시공테크
036670,KCI
033830,티비씨
115500,케이씨에스
032540,TJ미디어
039240,경남스틸
142280,녹십자엠에스
412350,레이저쎌
225220,제놀루션
222040,코스맥스엔비티
236810,엔비티
054920,한컴위드
204840,지엘팜텍
023810,인팩
086040,바이오톡스텍
002800,신신제약
024800,유성티엔에스
417970,모델솔루션
064850,에프앤가이드
018500,동원금속
003925,남양유업우
066310,큐에스아이
025550,한국선재
317830,에스피시스템스
069460,대호에이엘
222160,NPX
036120,SCI평가정보
000910,유니온
099220,SDN
365270,큐라클
000220,유유제약
217500,러셀
240600,유진테크놀로지
049550,잉크테크
352910,오비고
000590,CS홀딩스
004060,SG세계물산
359090,씨엔알리서치
277070,린드먼아시아
012210,삼미금속
000105,유한양행우
066670,디티씨
417840,저스템
002230,피에스텍
017480,삼현철강
145210,다이나믹디자인
229500,노브메타파마
000157,두산2우B
041650,상신브레이크
031820,콤텍시스템
008830,대동기어
192250,케이사인
064520,테크엘
250000,보라티알
037330,인지디스플레
320000,윈텍
205500,액션스퀘어
087600,픽셀플러스
066910,손오공
185490,아이진
357250,미래에셋맵스리츠
212560,네오오토
03473K,SK우
004960,한신공영
002140,고려산업
204610,티쓰리
046390,삼화네트웍스
033540,파라텍
239610,에이치엘사이언스
089790,제이티
128540,에코캡
327260,RF머트리얼즈
223310,딥마인드
041460,한국전자인증
080000,에스엔유
085310,엔케이
023460,CNH
068050,팬엔터테인먼트
038070,서린바이오
042110,에스씨디
442900,미래에셋드림스팩1호
142760,모아라이프플러스
109960,AP헬스케어
075180,새론오토모티브
224110,에이텍모빌리티
049480,오픈베이스
220180,핸디소프트
355390,크라우드웍스
081150,티플랙스
090410,덕신이피씨
071090,하이스틸
336060,웨이버스
019990,에너토크
317850,대모
308170,씨티알모빌리티
057680,티사이언티픽
039610,화성밸브
038880,아이에이
290090,트윔
053270,구영테크
025560,미래산업
330730,스톤브릿지벤처스
046120,오르비텍
083660,CSA 코스믹
043910,자연과환경
002760,보락
260660,알리코제약
950110,SBI핀테크솔루션즈
377030,맥스트
263700,케어랩스
201490,미투온
039290,인포뱅크
203690,스피어파워
256630,포인트엔지니어링
043220,티에스넥스젠
050960,수산아이앤티
254120,자비스
237820,플레이디
290740,액트로
052770,아이톡시
136410,아셈스
063440,SM Life Design
180400,DXVX
010660,화천기계
189690,포시에스
265740,엔에프씨
119650,KC코트렐
363260,모비데이즈
323350,다원넥스뷰
098120,마이크로컨텍솔
219420,링크제니시스
432470,케이엔에스
019540,일지테크
049180,셀루메드
060850,영림원소프트랩
072470,우리산업홀딩스
150900,파수
002795,아모레G우
033320,제이씨현시스템
027740,마니커
014440,영보화학
246960,SCL사이언스
102280,쌍방울
084180,수성웹툰
010640,진양폴리
122690,서진오토모티브
092300,현우산업
003010,혜인
039830,오로라
094840,슈프리마에이치큐
053350,이니텍
017650,대림제지
038010,제일테크노스
044060,조광ILI
122350,삼기
129260,인터지스
006740,영풍제지
424980,마이크로투나노
024740,한일단조
321260,프로이천
296160,프로젠
097780,에코볼트
080530,코디
013360,일성건설
308080,바이젠셀
347770,핌스
198440,고려시멘트
430690,한싹
123570,이엠넷
015710,코콤
406820,뷰티스킨
037350,성도이엔지
001290,상상인증권
111110,호전실업
155660,DSR
263050,유틸렉스
314140,알피바이오
067170,오텍
001620,케이비아이동국실업
096350,대창솔루션
168330,내츄럴엔도텍
163730,핑거
115440,우리넷
033130,디지틀조선
004450,삼화왕관
024890,대원화성
288980,모아데이타
044960,이글벳
000650,천일고속
037370,EG
078935,GS우
072990,에이치시티
066900,디에이피
010240,흥국
357430,마스턴프리미어리츠
327610,펨토바이오메드
000890,보해양조
100030,인지소프트
118000,에스메디
242040,나무기술
004410,서울식품
003060,에이프로젠바이오로직스
317690,퀀타매트릭스
318410,비비씨
051490,나라엠앤디
413640,비아이매트릭스
052220,iMBC
009770,삼정펄프
001550,조비
263770,유에스티
049080,기가레인
303530,이노뎁
017180,명문제약
038870,에코바이오
002920,유성기업
134580,탑코미디어
301300,바이브컴퍼니
024950,삼천리자전거
440290,HB인베스트먼트
187660,에이디엠코리아
000850,화천기공
140610,엔솔바이오사이언스
043340,에쎈테크
005750,대림B&Co
007370,진양제약
115310,인포바인
065950,웰크론
129920,대성하이텍
056730,CNT85
348030,모비릭스
238490,힘스
101390,아이엠
002360,SH에너지화학
004780,대륙제관
277410,인산가
214870,뉴지랩파마
052900,KX하이텍
013700,까뮤이앤씨
100590,머큐리
170790,파이오링크
214270,FSN
032680,소프트센
355690,에이텀
004270,남성
067920,이글루
019180,티에이치엔
088910,동우팜투테이블
219750,한국비티비
204020,그리티
073110,엘엠에스
456570,아이엠지티
009190,대양금속
001275,부국증권우
039420,케이엘넷
073640,테라사이언스
318000,KBG
360350,코셈
094940,푸른기술
100220,비상교육
053290,NE능률
021050,서원
311390,네오크레마
081580,성우전자
069730,DSR제강
025440,DH오토웨어
004770,써니전자
090080,평화산업
318020,포인트모바일
060230,소니드
032790,엠젠솔루션
057540,옴니시스템
049120,파인디앤씨
274400,이노시뮬레이션
129890,앱코
306040,에스제이그룹
014970,삼륭물산
009320,대우부품
227610,아우딘퓨쳐스
002220,한일철강
008870,금비
440320,오픈놀
376980,원티드랩
285800,진영
066130,하츠
097870,효성오앤비
001260,남광토건
002630,오리엔트바이오
279600,미디어젠
226360,KH 건설
023770,플레이위드
052670,제일바이오
294140,레몬
053620,태양
025750,한솔홈데코
058730,다스코
405920,나라셀라
004590,한국가구
037230,한국팩키지
419120,산돌
014570,고려제약
069640,한세엠케이
057030,YBM넷
239340,이스트에이드
900100,애머릿지
120115,코오롱인더우
376290,씨유테크
003560,IHQ
014190,원익큐브
046970,우리로
256150,한독크린텍
162120,루켄테크놀러지스
214610,미코바이오메드
303030,지니틱스
011230,삼화전자
054540,삼영엠텍
148930,에이치와이티씨
389030,지니너스
040610,SG&G
075970,동국알앤에스
003080,성보화학
335810,프리시젼바이오
024830,세원물산
189330,씨이랩
002880,대유에이텍
195500,마니커에프앤지
026940,부국철강
008250,이건산업
023350,한국종합기술
016100,리더스코스메틱
096690,에이루트
099520,ITX-AI
227950,엔투텍
089530,에이티세미콘
137080,나래나노텍
273060,와이즈버즈
008420,문배철강
134790,시디즈
245620,EDGC
33637K,솔루스첨단소재1우
352770,클리노믹스
062860,티엘아이
025530,SJM홀딩스
363250,진시스템
016600,큐캐피탈
080010,이상네트웍스
104200,NHN벅스
020760,일진디스플
353590,오토앤
051630,진양화학
290380,대유
038060,루멘스
100660,서암기계공업
376180,피코그램
022220,TKG애강
198080,엔피디
004440,삼일씨엔에스
147760,피엠티
196450,코아시아씨엠
006980,우성
009835,한화솔루션우
004870,티웨이홀딩스
011390,부산산업
007680,대원
307280,원바이오젠
004920,씨아이테크
434480,모니터랩
060540,에스에이티
139670,키네마스터
299170,더블유에스아이
039010,현대에이치티
042040,케이피엠테크
222110,팬젠
216400,인바이츠바이오코아
003310,대주산업
298060,에스씨엠생명과학
006805,미래에셋증권우
049630,재영솔루텍
036180,지더블유바이텍
069920,아이에스이커머스
091090,세원이앤씨
056700,신화인터텍
037030,파워넷
217480,에스디생명공학
005670,푸드웰
241820,피씨엘
050860,아세아텍
123700,SJM
007720,대명소노시즌
033200,모아텍
099390,브레인즈컴퍼니
007610,선도전기
003680,한성기업
009730,이렘
013810,스페코
013720,CBI
007530,와이엠
066360,체리부로
405000,플라즈맵
068330,일신바이오
011420,갤럭시아에스엠
033560,블루콤
047770,코데즈컴바인
438700,버넥트
377330,이지트로닉스
021880,메이슨캐피탈
177830,파버나인
348080,큐라티스
28513K,SK케미칼우
263810,상신전자
036170,클라우드에어
008370,원풍
053160,프리엠스
126640,화신정공
053590,한국테크놀로지
263920,휴엠앤씨
221980,케이디켐
102950,아하
418250,시큐레터
005360,모나미
313760,캐리
138070,신진에스엠
373170,엠아이큐브솔루션
417180,핑거스토리
082660,코스나인
005305,롯데칠성우
051380,피씨디렉트
031310,아이즈비전
219550,디와이디
109080,옵티시스
012160,영흥
000725,현대건설우
127120,디엔에이링크
096610,알에프세미
378800,샤페론
173940,에프엔씨엔터
140520,대창스틸
133750,메가엠디
238120,얼라인드
014130,한익스프레스
048770,TPC
429270,시지트로닉스
208640,썸에이지
052300,씨티프라퍼티
189860,서전기전
058450,한주에이알티
046940,우원개발
258610,케일럼
091590,남화토건
056360,코위버
200780,비씨월드제약
049800,우진플라임
065170,비엘팜텍
367000,플래티어
276040,스코넥
262840,아이퀘스트
446070,유니드비티플러스
088280,쏘닉스
109820,진매트릭스
101240,씨큐브
197140,디지캡
452300,캡스톤파트너스
332290,누보
037760,쎄니트
377220,프롬바이오
010600,웰바이오텍
419540,비스토스
032580,피델릭스
317120,라닉스
052600,한네트
114630,폴라리스우노
024940,PN풍년
153490,우리이앤엘
038620,위즈코프
145270,케이탑리츠
049830,승일
246690,TS인베스트먼트
051780,큐로홀딩스
080520,오디텍
039020,이건홀딩스
024120,KB오토시스
045060,오공
187220,디티앤씨
900310,컬러레이
016250,SGC E&C
291650,압타머사이언스
267790,배럴
085910,네오티스
222980,한국맥널티
37550L,DL이앤씨2우(전환)
143210,핸즈코퍼레이션
318010,팜스빌
032980,바이온
065500,오리엔트정공
263020,디케이앤디
023960,에쓰씨엔지니어링
012200,계양전기
001840,이화공영
337840,유엑스엔
007770,한일화학
192410,휴림네트웍스
012280,영화금속
079000,와토스코리아
006570,대림통상
361670,삼영에스앤씨
019770,서연탑메탈
415380,스튜디오삼익
252500,세화피앤씨
322780,코퍼스코리아
036690,코맥스
083550,케이엠
153460,네이블
009460,한창제지
033250,체시스
032960,동일기연
010280,쌍용정보통신
448740,삼성스팩8호
362990,드림인사이트
045340,토탈소프트
000215,DL우
018700,바른손
290120,DH오토리드
068100,케이웨더
340440,세림B&G
034940,조아제약
052460,아이크래프트
309930,오하임앤컴퍼니
278990,EMB
046310,백금T&A
187270,신화콘텍
347860,알체라
072130,유엔젤
403360,라피치
023150,MH에탄올
354390,바스칸바이오제약
078590,휴림에이텍
019175,신풍제약우
288330,브릿지바이오테라퓨틱스
228340,동양파일
340810,씨유박스
090150,아이윈
353190,휴럼
065060,지엔코
006125,SK디스커버리우
065370,위세아이텍
111870,KH 미래물산
417860,오브젠
069410,엔텔스
222420,쎄노텍
052860,아이앤씨
036000,예림당
131100,티엔엔터테인먼트
303360,프로티아
038950,파인디지털
010770,평화홀딩스
021040,대호특수강
032800,판타지오
435620,하나금융25호스팩
025880,케이씨피드
900270,헝셩그룹
048470,대동스틸
089150,케이씨티
199730,바이오인프라
047080,한빛소프트
080720,한국유니온제약
032750,삼진
229000,젠큐릭스
127710,아시아경제
388610,지에프씨생명과학
247660,나노씨엠에스
051390,YW
221840,하이즈항공
290520,신도기연
208860,엔지스테크널러지
148780,비큐AI
006200,한국전자홀딩스
115610,이미지스
090370,메타랩스
221800,유투바이오
060240,룽투코리아
169330,엠브레인
060380,동양에스텍
289010,아이스크림에듀
021650,한국큐빅
356890,싸이버원
328380,솔트웨어
014990,인디에프
200580,메디쎄이
332370,아이디피
331520,밸로프
210120,빅텐츠
054300,팬스타엔터프라이즈
067010,이씨에스
368970,오에스피
065440,이루온
001810,무림SP
297570,알로이스
131760,파인텍
038340,MIT
009440,KC그린홀딩스
002290,삼일기업공사
036480,대성미생물
311060,엘에이티
088290,이원컴포텍
434190,탈로스
143540,영우디에스피
130500,GH신소재
286750,나노브릭
000760,이화산업
042940,상지건설
006050,국영지앤엠
351320,에스에이티이엔지
131220,대한과학
119500,포메탈
058110,멕아이씨에스
009310,참엔지니어링
000040,KR모터스
031510,오스템
159910,스킨앤스킨
035620,바른손이앤에이
193250,링크드
354200,엔젠바이오
020180,대신정보통신
114450,그린생명과학
018680,서울제약
290660,네오펙트
005820,원림
176590,코나솔
005030,부산주공
190650,코리아에셋투자증권
045520,크린앤사이언스
003475,유안타증권우
237750,피앤씨테크
184230,SGA솔루션즈
003465,유화증권우
013000,세우글로벌
117670,알파홀딩스
015260,에이엔피
900110,이스트아시아홀딩스
072950,빛샘전자
203450,유니온커뮤니티
028080,휴맥스홀딩스
002820,SUN&L
040160,누리플렉스
452980,신한제11호스팩
053950,경남제약
290270,휴네시온
089230,THE E&M
238200,비피도
089140,넥스턴바이오
075130,플랜티넷
083470,이엠앤아이
318160,셀바이오휴먼텍
131090,시큐브
331380,포커스에이치엔에스
095910,에스에너지
169670,코스텍시스템
456190,큐라켐
024070,WISCOM
296640,이노룰스
192390,윈하이텍
037400,우리엔터프라이즈
37550K,DL이앤씨우
078860,아이오케이
079170,한창산업
054180,메디콕스
146060,율촌
076080,웰크론한텍
099410,동방선기
290720,푸드나무
121850,코이즈
104040,대성파인텍
039310,세중
009140,경인전자
000950,전방
243870,굿센
016920,카스
012340,뉴인텍
093240,형지엘리트
076610,해성옵틱스
059100,아이컴포넌트
198940,한주라이트메탈
439250,삼성스팩7호
045300,성우테크론
267080,세븐브로이맥주
012620,원일특강
043710,서울리거
093380,풍강
045510,정원엔시스
196490,디에이테크놀로지
343090,HLB사이언스
005320,국동
086060,진바이오텍
044480,빌리언스
006920,모헨즈
092600,앤씨앤
246250,에스엘에스바이오
312610,에이에프더블류
317240,TS트릴리온
001140,국보
115480,씨유메디칼
002690,동일제강
177350,베셀
062970,피피아이
001070,대한방직
206950,볼빅
380540,옵티코어
001465,BYC우
208710,바이오로그디바이스
008470,부스타
043590,웰킵스하이텍
299910,애닉
014100,메디앙스
290560,신시웨이
217880,틸론
003535,한화투자증권우
011090,에넥스
333050,모코엠시스
365900,브이씨
001420,태원물산
187790,나노
123010,아이윈플러스
030350,드래곤플라이
450520,인스웨이브시스템즈
026040,제이에스티나
133820,화인베스틸
002410,범양건영
083640,인콘
073190,듀오백
054090,삼진엘앤디
113810,디젠스
018620,우진비앤지
014910,성문전자
065570,삼영이엔씨
372800,아이티아이즈
030720,동원수산
208350,지란지교시큐리티
258790,소프트캠프
138360,협진
002870,신풍
103230,에스앤더블류
033050,제이엠아이
050120,ES큐브
008775,호텔신라우
032280,삼일
33626L,두산퓨얼셀2우B
094860,네오리진
091340,S&K폴리텍
352940,인바이오
000300,대유플러스
291810,핀텔
080470,성창오토텍
035460,기산텔레콤
110020,전진바이오팜
152550,한국ANKOR유전
017000,신원종합개발
007120,미래아이앤지
148250,알엔투테크놀로지
302920,더콘텐츠온
084870,TBH글로벌
257990,나우코스
068940,셀피글로벌
001000,신라섬유
227420,도부마스크
060900,DGP
035200,프럼파스트
002420,세기상사
086220,광동헬스바이오
215480,토박스코리아
331920,셀레믹스
038530,케이바이오
015020,이스타코
191410,육일씨엔에쓰
043090,더테크놀로지
900300,오가닉티코스메틱
131180,딜리
900260,로스웰
032080,아즈텍WB
072520,제넨바이오
049470,SGA
451700,엔에이치스팩29호
010400,우진아이엔에스
101400,엔시트론
347700,라이프시맨틱스
00499K,롯데지주우
063760,이엘피
084670,동양고속
900120,씨엑스아이
008600,윌비스
004365,세방우
179530,애드바이오텍
002680,한탑
025870,신라에스지
067730,로지시스
025620,제이준코스메틱
001210,금호전기
154040,다산솔루에타
035290,골드앤에스
379390,이성씨엔아이
085810,알티캐스트
076340,관악산업
019685,대교우B
154030,아시아종묘
233250,메디안디노스틱
310870,디와이씨
419700,이브이파킹서비스
191600,블루탑
054940,엑사이엔씨
224060,더코디
070300,엑스큐어
424760,벨로크
019490,하이트론
225590,패션플랫폼
299660,셀리드
050760,에스폴리텍
003495,대한항공우
115530,씨엔플러스
377460,위니아에이드
019570,플루토스
33637L,솔루스첨단소재2우B
357880,비트나인
464680,KB제27호스팩
043200,파루
079650,서산
232830,시큐센
020400,대동금속
001685,대상우
317530,캐리소프트
341170,퓨쳐메디신
079190,케스피온
446440,에피바이오텍
207490,에이펙스인텍
048830,엔피케이
060480,국일신동
344860,이노진
044780,에이치케이
054410,케이피티유
215790,이노인스트루먼트
317860,노드메이슨
053060,세동
098660,에스티오
002070,비비안
009620,삼보산업
308100,까스텔바작
436610,한국제11호스팩
149010,아이케이세미콘
139050,BF랩스
900070,글로벌에스엠
088790,진도
137940,넥스트아이
019660,글로본
341310,이앤에치
008290,원풍물산
134060,이퓨쳐
065770,CS
130740,티피씨글로벌
108675,LX하우시스우
017250,인터엠
204210,스타에스엠리츠
025890,한국주강
212310,오건에코텍
031860,에스유홀딩스
005110,한창
123750,알톤
044380,주연테크
071850,캐스텍코리아
336040,타스컴
016670,디모아
027040,서울전자통신
039740,한국정보공학
258830,세종메디칼
067770,세진티에스
121890,에스디시스템
430230,하나금융24호스팩
214310,에스엘에너지
123330,제닉
054220,비츠로시스
091970,나노캠텍
468510,삼성스팩9호
071460,위니아
188260,세니젠
069140,누리플랜
217620,디딤이앤에프
066430,와이오엠
079970,투비소프트
279060,이노벡스
079950,인베니아
010420,한솔PNS
238500,로보쓰리에이아이
084695,대상홀딩스우
196700,웹스
335870,윙스풋
230980,비유테크놀러지
007815,코리아써우
002355,넥센타이어1우B
005257,녹십자홀딩스2우
060260,뉴보텍
251280,안지오랩
275630,에스에스알
023790,동일철강
250930,예선테크
225430,케이엠제약
043360,디지아이
001770,SHD
084440,유비온
900280,골든센츄리
101680,한국정밀기계
449020,유안타제13호스팩
069330,유아이디
043100,솔고바이오
052960,태양3C
168490,한국패러랠
106240,파인테크닉스
115570,스타플렉스
35320K,대덕전자1우
204630,스튜디오산타클로스
026910,광진실업
438220,대신밸런스제13호스팩
199150,데이터스트림즈
070590,한솔인티큐브
096870,엘디티
402420,켈스
000087,하이트진로2우B
421800,교보12호스팩
456700,길교이앤씨
439410,엔에이치스팩26호
466910,엔에이치스팩30호
001795,대한제당우
073540,에프알텍
065150,대산F&B
050090,비케이홀딩스
227100,퀀텀온
244460,올리패스
011080,형지I&C
179720,머니무브
215380,우정바이오
000885,한화우
440820,엔에이치스팩27호
004835,덕성우
424140,케이비제21호스팩
000075,삼양홀딩스우
477380,미래에셋비전스팩4호
222670,플럼라인생명과학
224760,엔에스컴퍼니
412930,미래에셋비전스팩1호
430220,신영스팩8호
457390,대신밸런스제15호스팩
106520,노블엠앤비
457630,대신밸런스제16호스팩
406760,하나금융21호스팩
223220,로지스몬
442310,대신밸런스제14호스팩
422040,엔에이치스팩23호
311960,에이아이더뉴트리진
454750,하나28호스팩
469880,하나30호스팩
006345,대원전선우
346010,타이드
008500,일정실업
149300,아퓨어스
322970,무진메디
477340,에이치엠씨제7호스팩
003075,코오롱글로벌우
065690,파커스
390110,애니메디솔루션
253610,루트락
331660,한국미라클피플사
286000,씨엔티드림
004105,태양금속우
254160,제이엠멀티
208850,이비테크
418170,하나금융22호스팩
002025,코오롱우
473050,유안타제15호스팩
004255,NPC우
140910,에이리츠
478440,미래에셋비전스팩6호
479880,한국제15호스팩
238170,엔에스엠
45014K,코오롱모빌리티그룹우
458320,KB제26호스팩
244880,나눔테크
065420,에스아이리소스
044180,KD
178600,대동고려삼
446750,하나26호스팩
18064K,한진칼우
471050,대신밸런스제17호스팩
430460,한화플러스제3호스팩
38380K,LX홀딩스1우
446840,키움제8호스팩
258540,에스엘테라퓨틱스
199290,바이오프로테크
054630,에이디칩스
478390,KB제29호스팩
425290,삼성스팩6호
435380,유안타제10호스팩
236340,메디젠휴먼케어
086460,큐러블
448370,하나27호스팩
445970,신영스팩9호
477760,DB금융스팩12호
071950,코아스
454640,하나29호스팩
001067,JW중외제약2우B
351020,미쥬
456440,DB금융스팩11호
202960,판도라티비
474660,신한제12호스팩
469900,하나31호스팩
174880,장원테크
03481K,해성산업1우
476470,KB제28호스팩
430700,유안타제9호스팩
477470,미래에셋비전스팩5호
446190,미래에셋비전스팩2호
446150,유안타제12호스팩
224810,엄지하우스
474490,유안타제16호스팩
455250,KB제25호스팩
145995,삼양사우
437780,엔에이치스팩24호
415580,상상인제3호스팩
266350,팡스카이
250030,진코스텍
000225,유유제약1우
444920,유안타제11호스팩
005725,넥센우
046070,코다코
450050,하이제8호스팩
439730,IBKS제20호스팩
448830,미래에셋비전스팩3호
455310,한화플러스제4호스팩
455910,에스케이증권제9호스팩
400840,하이제7호스팩
001065,JW중외제약우
112190,KC산업
189350,코셋
452670,상상인제4호스팩
323230,엠에프엠코리아
448760,IBKS제22호스팩
472220,신영스팩10호
442770,IBKS제21호스팩
477530,한국제14호스팩
299670,에스엠비나
450940,유안타제14호스팩
456490,교보14호스팩
458610,한국제12호스팩
093510,엔지브이아이
440790,교보13호스팩
464440,한국제13호스팩
467930,IBKS제23호스팩
433530,키움제7호스팩
296520,가이아코퍼레이션
418210,신한제10호스팩
289170,바이오텐
469480,IBKS제24호스팩
185190,수프로
445360,비엔케이제1호스팩
114920,대주이엔티
462020,에이치엠씨제6호스팩
004985,성신양회우
468760,유진스팩10호
066830,제노텍
234070,에이원알폼
447690,아이오바이오
472230,에스케이증권제11호스팩
473370,비엔케이제2호스팩
116100,태양기계
00806K,대덕1우
103660,씨앗
465320,교보15호스팩
442130,유진스팩9호
26490K,크라운제과우
45226K,한화갤러리아우
435870,에스케이증권제8호스팩
092590,럭스피아
474930,신한제13호스팩
475250,하나33호스팩
413600,키움제6호스팩
270210,에스알바이오텍
000325,노루홀딩스우
001515,SK증권우
136660,큐엠씨
457940,에스케이증권제10호스팩
473000,에스케이증권제12호스팩
475240,하나32호스팩
438580,엔에이치스팩25호
001755,한양증권우
090355,노루페인트우
014825,동원시스템즈우
448780,마이크로엔엑스
217910,에스제이켐
446600,카이바이오텍
36328K,티와이홀딩스우
121060,유니포인트
318660,타임기술
005745,크라운해태홀딩스우
000145,하이트진로홀딩스우
266870,파워풀엑스
233990,질경이
007575,일양약품우
008355,남선알미우
00781K,코리아써키트2우B
266170,뿌리깊은나무들
014285,금강공업우
004545,깨끗한나라우
005965,동부건설우
266470,바이오인프라생명과학
288490,나라소프트
000545,흥국화재우
208890,미래엔에듀파트너
276240,엘리비젼
012205,계양전기우
009415,태영건설우
011155,CJ씨푸드1우
283100,노보믹스
215570,크로넥스
258050,테크트랜스
002785,진흥기업우B
002787,진흥기업2우B
014915,성문전자우
413300,티엘엔지니어링
000227,유유제약2우B
004415,서울식품우
001525,동양우
001527,동양2우B
236030,씨알푸드
032685,소프트센우
217320,썬테크
021045,대호특수강우
299480,지앤이헬스케어
002995,금호건설우
140660,위월드
258250,셀젠텍
245450,씨앤에스링크
181340,이즈미디어
308700,테크엔
